<?xml version="1.0" encoding="UTF-8"?>
<project-private xmlns="http://www.netbeans.org/ns/project-private/1">
    <editor-bookmarks xmlns="http://www.netbeans.org/ns/editor-bookmarks/2" lastBookmarkId="0"/>
    <open-files xmlns="http://www.netbeans.org/ns/projectui-open-files/2">
        <group>
            <file>file:/E:/24-25/proj/1/Projecte1/AppJava/P1-T7-Vista-PerezCulleresSergio/src/org/milaifontanals/helper/ExcelGenerator.java</file>
            <file>file:/E:/24-25/proj/1/Projecte1/AppJava/P1-T7-Vista-PerezCulleresSergio/src/org/milaifontanals/club/LoginFrame.java</file>
            <file>file:/E:/24-25/proj/1/Projecte1/AppJava/P1-T7-Vista-PerezCulleresSergio/src/org/milaifontanals/dialogs/CrearJugadorDialog.java</file>
            <file>file:/E:/24-25/proj/1/Projecte1/AppJava/P1-T7-Vista-PerezCulleresSergio/src/org/milaifontanals/club/JugadorsFrame.java</file>
        </group>
    </open-files>
</project-private>
